{
    "t": [
        0.0,
        0.1,
        0.2,
        0.3,
        0.4,
        0.5,
        0.6,
        0.7,
        0.8,
        0.9,
        1.0,
        1.1,
        1.2,
        1.3,
        1.4,
        1.5,
        1.6,
        1.7,
        1.8,
        1.9,
        2.0
    ],
    "y": [
        12.439505,
        7.519829,
        5.311503,
        4.17569,
        4.006889999999999,
        2.9409179999999995,
        2.396749,
        2.130256,
        2.1823729999999997,
        1.779785,
        1.446616,
        1.2871,
        1.137712,
        0.832606,
        0.823533,
        1.155014,
        0.729849,
        0.28907,
        0.46652099999999996,
        0.359544,
        0.556196
    ]
}